instrument_id,ticker,yahoo_symbol,company,sector,subsector,exchange,region,asset_type,primary_source,secondary_source,fred_series_id,source_url_yahoo,source_url_fred,market_timezone,market_close_local,refresh_group,is_active,theme_energy,theme_shipping,theme_china,theme_war,theme_liquidity,notes,source_notes,theme_rates,theme_credit
BX,BX,BX,0,0,1,2,3,,Yahoo Finance,,,https://finance.yahoo.com/quote/BX,,UTC,23:30,GLOBAL_DAILY,True,,,,,,,Yahoo Finance,,
FRO,FRO,FRO,2,3,2,3,1,,Yahoo Finance,,,https://finance.yahoo.com/quote/FRO,,UTC,23:30,GLOBAL_DAILY,True,,,,,,,Yahoo Finance,,
TLT,TLT,TLT,,Bonds,,,US,ETF,Yahoo Finance,,,,,,,,True,False,False,False,False,True,,,True,False
TICKER / CODE,TICKER / CODE,TICKER / CODE,Company / Name,Category,Subcategory,Instrument_Type,Exchange / Source,Region,Yahoo Finance,Exposure,,https://finance.yahoo.com/quote/TICKER / CODE,,America/New_York,16:00,US_EOD,True,Data_Providers,Notes,,,,Role_in_Theme,,,
CMCSA,CMCSA,CMCSA,Comcast,Communication Services,Telecom & Media,NASDAQ,USA,Equity,Yahoo Finance,Bloomberg; Refinitiv,,https://finance.yahoo.com/quote/CMCSA,,America/New_York,16:00,US_EOD,True,1.0,1.0,1.0,1.0,1.0,Infraestructura doméstica,Bloomberg; Refinitiv,,
NFLX,NFLX,NFLX,Netflix Inc.,Communication Services,Streaming,NASDAQ,USA,Equity,Yahoo Finance,Bloomberg; Refinitiv,,https://finance.yahoo.com/quote/NFLX,,America/New_York,16:00,US_EOD,True,0.0,0.0,1.0,1.0,1.0,Baja sensibilidad macro física,Bloomberg; Refinitiv,,
TMUS,TMUS,TMUS,T-Mobile US,Communication Services,Telecom,NASDAQ,USA,Equity,Yahoo Finance,Bloomberg; Refinitiv,,https://finance.yahoo.com/quote/TMUS,,America/New_York,16:00,US_EOD,True,1.0,1.0,1.0,1.0,1.0,Baja exposición global,Bloomberg; Refinitiv,,
ABNB,ABNB,ABNB,Airbnb,Consumer Discretionary,Travel,NASDAQ,USA,Equity,Yahoo Finance,Bloomberg; Refinitiv,,https://finance.yahoo.com/quote/ABNB,,America/New_York,16:00,US_EOD,True,1.0,2.0,2.0,2.0,1.0,Turismo global,Bloomberg; Refinitiv,,
AMZN,AMZN,AMZN,Amazon.com Inc.,Consumer Discretionary,E-commerce & Cloud,NASDAQ,USA,Equity,Yahoo Finance,Bloomberg; Refinitiv,,https://finance.yahoo.com/quote/AMZN,,America/New_York,16:00,US_EOD,True,1.0,3.0,2.0,2.0,1.0,Sensible a logística global,Bloomberg; Refinitiv,,
BKNG,BKNG,BKNG,Booking,Consumer Discretionary,Travel,NASDAQ,USA,Equity,Yahoo Finance,Bloomberg; Refinitiv,,https://finance.yahoo.com/quote/BKNG,,America/New_York,16:00,US_EOD,True,1.0,2.0,2.0,2.0,1.0,Movilidad global,Bloomberg; Refinitiv,,
DASH,DASH,DASH,DoorDash,Consumer Discretionary,Delivery,NASDAQ,USA,Equity,Yahoo Finance,Bloomberg; Refinitiv,,https://finance.yahoo.com/quote/DASH,,America/New_York,16:00,US_EOD,True,1.0,1.0,1.0,1.0,1.0,Consumo doméstico,Bloomberg; Refinitiv,,
MAR,MAR,MAR,Marriott,Consumer Discretionary,Hotels,NASDAQ,USA,Equity,Yahoo Finance,Bloomberg; Refinitiv,,https://finance.yahoo.com/quote/MAR,,America/New_York,16:00,US_EOD,True,1.0,2.0,2.0,2.0,1.0,Turismo global,Bloomberg; Refinitiv,,
MELI,MELI,MELI,MercadoLibre,Consumer Discretionary,E-commerce,NASDAQ,LATAM,Equity,Yahoo Finance,Bloomberg; Refinitiv,,https://finance.yahoo.com/quote/MELI,,America/New_York,16:00,US_EOD,True,1.0,2.0,1.0,2.0,2.0,LATAM exposure,Bloomberg; Refinitiv,,
ORLY,ORLY,ORLY,O'Reilly Automotive,Consumer Discretionary,Auto Parts,NASDAQ,USA,Equity,Yahoo Finance,Bloomberg; Refinitiv,,https://finance.yahoo.com/quote/ORLY,,America/New_York,16:00,US_EOD,True,1.0,1.0,1.0,1.0,1.0,Resiliente ciclo,Bloomberg; Refinitiv,,
ROST,ROST,ROST,Ross Stores,Consumer Discretionary,Discount Retail,NASDAQ,USA,Equity,Yahoo Finance,Bloomberg; Refinitiv,,https://finance.yahoo.com/quote/ROST,,America/New_York,16:00,US_EOD,True,1.0,1.0,1.0,1.0,1.0,Inflación +,Bloomberg; Refinitiv,,
SBUX,SBUX,SBUX,Starbucks,Consumer Discretionary,Restaurants,NASDAQ,USA,Equity,Yahoo Finance,Bloomberg; Refinitiv,,https://finance.yahoo.com/quote/SBUX,,America/New_York,16:00,US_EOD,True,1.0,1.0,3.0,1.0,1.0,China consumo,Bloomberg; Refinitiv,,
TSLA,TSLA,TSLA,Tesla Inc.,Consumer Discretionary,EV & Energy,NASDAQ,USA,Equity,Yahoo Finance,Bloomberg; Refinitiv,,https://finance.yahoo.com/quote/TSLA,,America/New_York,16:00,US_EOD,True,2.0,2.0,3.0,2.0,1.0,Baterías + China exposure,Bloomberg; Refinitiv,,
COST,COST,COST,Costco Wholesale,Consumer Staples,Retail,NASDAQ,USA,Equity,Yahoo Finance,Bloomberg; Refinitiv,,https://finance.yahoo.com/quote/COST,,America/New_York,16:00,US_EOD,True,2.0,2.0,1.0,1.0,1.0,Sensible inflación logística,Bloomberg; Refinitiv,,
PEP,PEP,PEP,PepsiCo Inc.,Consumer Staples,Food & Beverage,NASDAQ,USA,Equity,Yahoo Finance,Bloomberg; Refinitiv,,https://finance.yahoo.com/quote/PEP,,America/New_York,16:00,US_EOD,True,2.0,2.0,1.0,1.0,1.0,Dependencia commodities,Bloomberg; Refinitiv,,
QQQ,QQQ,QQQ,Invesco QQQ ETF,ETF,Tech Index,NASDAQ,USA,ETF,Yahoo Finance,Bloomberg; Refinitiv; Yahoo,,https://finance.yahoo.com/quote/QQQ,,America/New_York,16:00,US_EOD,True,1.0,1.0,2.0,2.0,1.0,Proxy Nasdaq,Bloomberg; Refinitiv; Yahoo,,
SMH,SMH,SMH,VanEck Semiconductor ETF,ETF,Semiconductors,NASDAQ,USA,ETF,Yahoo Finance,Bloomberg; Refinitiv; Yahoo,,https://finance.yahoo.com/quote/SMH,,America/New_York,16:00,US_EOD,True,1.0,1.0,3.0,2.0,1.0,Proxy semis,Bloomberg; Refinitiv; Yahoo,,
AEM,AEM,AEM,Agnico Eagle Mines Limited,Energy,Gold,NYSE,Canada,Equity,Yahoo Finance,Bloomberg; Refinitiv,,https://finance.yahoo.com/quote/AEM,,America/New_York,16:00,US_EOD,True,,,,,,Oro tier-1 jurisdicciones,Bloomberg; Refinitiv,,
ALB,ALB,ALB,Albemarle Corporation,Energy,Lithium / Battery Materials,NYSE,USA,Equity,Yahoo Finance,Bloomberg; Refinitiv,,https://finance.yahoo.com/quote/ALB,,America/New_York,16:00,US_EOD,True,,,,,,Litio y materiales batería,Bloomberg; Refinitiv,,
BHP,BHP,BHP,BHP Group Limited ADR,Energy,Diversified Mining,NYSE,Australia,Equity,Yahoo Finance,Bloomberg; Refinitiv,,https://finance.yahoo.com/quote/BHP,,America/New_York,16:00,US_EOD,True,,,,,,"Hierro, cobre, carbón, potasa",Bloomberg; Refinitiv,,
BKR,BKR,BKR,Baker Hughes Company,Energy,Oilfield Services,NASDAQ,USA,Equity,Yahoo Finance,Bloomberg; Refinitiv,,https://finance.yahoo.com/quote/BKR,,America/New_York,16:00,US_EOD,True,,,,,,Turbomaquinaria / gas services,Bloomberg; Refinitiv,,
BP,BP,BP,BP p.l.c.,Energy,Integrated Oil & Gas,NYSE,EU,Equity,Yahoo Finance,Bloomberg; Refinitiv,,https://finance.yahoo.com/quote/BP,,America/New_York,16:00,US_EOD,True,,,,,,Major global / refino y trading,Bloomberg; Refinitiv,,
BZ_F,BZ=F,BZ=F,Brent Crude,Energy,Oil Futures,ICE,Global,Future,Yahoo Finance,Bloomberg; Refinitiv,,https://finance.yahoo.com/quote/BZ=F,,UTC,23:30,GLOBAL_DAILY,True,,,,,,Global benchmark,Bloomberg; Refinitiv,,
CL_F,CL=F,CL=F,WTI Crude Oil,Energy,Oil Futures,NYMEX,Global,Future,Yahoo Finance,Bloomberg; Refinitiv,,https://finance.yahoo.com/quote/CL=F,,UTC,23:30,GLOBAL_DAILY,True,,,,,,Shock directo Ormuz,Bloomberg; Refinitiv,,
COP,COP,COP,ConocoPhillips,Energy,Upstream E&P,NYSE,USA,Equity,Yahoo Finance,Bloomberg; Refinitiv,,https://finance.yahoo.com/quote/COP,,America/New_York,16:00,US_EOD,True,,,,,,Puro upstream,Bloomberg; Refinitiv,,
CVX,CVX,CVX,Chevron Corporation,Energy,Integrated Oil & Gas,NYSE,USA,Equity,Yahoo Finance,Bloomberg; Refinitiv,,https://finance.yahoo.com/quote/CVX,,America/New_York,16:00,US_EOD,True,,,,,,Upstream fuerte,Bloomberg; Refinitiv,,
E,E,E,Eni S.p.A. ADR,Energy,Integrated Oil & Gas,NYSE,EU,Equity,Yahoo Finance,Bloomberg; Refinitiv,,https://finance.yahoo.com/quote/E,,America/New_York,16:00,US_EOD,True,,,,,,Exposición Mediterráneo y gas,Bloomberg; Refinitiv,,
ENB,ENB,ENB,Enbridge Inc.,Energy,Midstream,NYSE,Canada,Equity,Yahoo Finance,Bloomberg; Refinitiv,,https://finance.yahoo.com/quote/ENB,,America/New_York,16:00,US_EOD,True,,,,,,Oleoductos y gasoductos,Bloomberg; Refinitiv,,
ENPH,ENPH,ENPH,Enphase,Energy,Solar,NASDAQ,USA,Equity,Yahoo Finance,Bloomberg; Refinitiv,,https://finance.yahoo.com/quote/ENPH,,America/New_York,16:00,US_EOD,True,3.0,1.0,1.0,1.0,1.0,Renovables,Bloomberg; Refinitiv,,
EOG,EOG,EOG,"EOG Resources, Inc.",Energy,Upstream E&P,NYSE,USA,Equity,Yahoo Finance,Bloomberg; Refinitiv,,https://finance.yahoo.com/quote/EOG,,America/New_York,16:00,US_EOD,True,,,,,,Shale de alta calidad,Bloomberg; Refinitiv,,
EQNR,EQNR,EQNR,Equinor ASA,Energy,Integrated Oil & Gas,NYSE,EU,Equity,Yahoo Finance,Bloomberg; Refinitiv,,https://finance.yahoo.com/quote/EQNR,,America/New_York,16:00,US_EOD,True,,,,,,Europa gas,Bloomberg; Refinitiv,,
FCX,FCX,FCX,Freeport-McMoRan Inc.,Energy,Copper / Base Metals,NYSE,USA,Equity,Yahoo Finance,Bloomberg; Refinitiv,,https://finance.yahoo.com/quote/FCX,,America/New_York,16:00,US_EOD,True,,,,,,Cobre global,Bloomberg; Refinitiv,,
FNV,FNV,FNV,Franco-Nevada Corporation,Energy,Precious Metals Royalty,NYSE,Canada,Equity,Yahoo Finance,Bloomberg; Refinitiv,,https://finance.yahoo.com/quote/FNV,,America/New_York,16:00,US_EOD,True,,,,,,Royalty/streaming premium,Bloomberg; Refinitiv,,
GOLD,GOLD,GOLD,Barrick Gold Corporation,Energy,Gold,NYSE,Canada,Equity,Yahoo Finance,Bloomberg; Refinitiv,,https://finance.yahoo.com/quote/GOLD,,America/New_York,16:00,US_EOD,True,,,,,,Oro de gran escala,Bloomberg; Refinitiv,,
HAL,HAL,HAL,Halliburton Company,Energy,Oilfield Services,NYSE,USA,Equity,Yahoo Finance,Bloomberg; Refinitiv,,https://finance.yahoo.com/quote/HAL,,America/New_York,16:00,US_EOD,True,,,,,,Fracking y completación,Bloomberg; Refinitiv,,
KMI,KMI,KMI,"Kinder Morgan, Inc.",Energy,Midstream,NYSE,USA,Equity,Yahoo Finance,Bloomberg; Refinitiv,,https://finance.yahoo.com/quote/KMI,,America/New_York,16:00,US_EOD,True,,,,,,Gas natural USA,Bloomberg; Refinitiv,,
LNG,LNG,LNG,"Cheniere Energy, Inc.",Energy,LNG / Export,NYSE,USA,Equity,Yahoo Finance,Bloomberg; Refinitiv,,https://finance.yahoo.com/quote/LNG,,America/New_York,16:00,US_EOD,True,,,,,,Exportador LNG USA,Bloomberg; Refinitiv,,
NEM,NEM,NEM,Newmont Corporation,Energy,Gold,NYSE,USA,Equity,Yahoo Finance,Bloomberg; Refinitiv,,https://finance.yahoo.com/quote/NEM,,America/New_York,16:00,US_EOD,True,,,,,,Mayor productor aurífero,Bloomberg; Refinitiv,,
NG_F,NG=F,NG=F,Natural Gas,Energy,Gas Futures,NYMEX,Global,Future,Yahoo Finance,Bloomberg; Refinitiv,,https://finance.yahoo.com/quote/NG=F,,UTC,23:30,GLOBAL_DAILY,True,,,,,,LNG impacto,Bloomberg; Refinitiv,,
OXY,OXY,OXY,Occidental Petroleum Corporation,Energy,Upstream E&P,NYSE,USA,Equity,Yahoo Finance,Bloomberg; Refinitiv,,https://finance.yahoo.com/quote/OXY,,America/New_York,16:00,US_EOD,True,,,,,,Permian + químicos,Bloomberg; Refinitiv,,
PBR,PBR,PBR,Petróleo Brasileiro S.A. - Petrobras,Energy,Integrated Oil & Gas,NYSE,Brazil,Equity,Yahoo Finance,Bloomberg; Refinitiv,,https://finance.yahoo.com/quote/PBR,,America/New_York,16:00,US_EOD,True,,,,,,Exposición offshore presal,Bloomberg; Refinitiv,,
RIO,RIO,RIO,Rio Tinto plc ADR,Energy,Diversified Mining,NYSE,UK/Australia,Equity,Yahoo Finance,Bloomberg; Refinitiv,,https://finance.yahoo.com/quote/RIO,,America/New_York,16:00,US_EOD,True,,,,,,"Hierro dominante, cobre y aluminio",Bloomberg; Refinitiv,,
SCCO,SCCO,SCCO,Southern Copper Corporation,Energy,Copper / Base Metals,NYSE,LATAM,Equity,Yahoo Finance,Bloomberg; Refinitiv,,https://finance.yahoo.com/quote/SCCO,,America/New_York,16:00,US_EOD,True,,,,,,Cobre Perú/México,Bloomberg; Refinitiv,,
SHEL,SHEL,SHEL,Shell plc,Energy,Integrated Oil & Gas,NYSE,EU,Equity,Yahoo Finance,Bloomberg; Refinitiv,,https://finance.yahoo.com/quote/SHEL,,America/New_York,16:00,US_EOD,True,,,,,,LNG líder,Bloomberg; Refinitiv,,
SLB,SLB,SLB,SLB,Energy,Oilfield Services,NYSE,USA,Equity,Yahoo Finance,Bloomberg; Refinitiv,,https://finance.yahoo.com/quote/SLB,,America/New_York,16:00,US_EOD,True,,,,,,Servicios petroleros globales,Bloomberg; Refinitiv,,
SQM,SQM,SQM,Sociedad Química y Minera de Chile S.A. ADR,Energy,Lithium / Battery Materials,NYSE,Chile,Equity,Yahoo Finance,Bloomberg; Refinitiv,,https://finance.yahoo.com/quote/SQM,,America/New_York,16:00,US_EOD,True,,,,,,Litio Salar de Atacama,Bloomberg; Refinitiv,,
TECK,TECK,TECK,Teck Resources Limited,Energy,Diversified Mining,NYSE,Canada,Equity,Yahoo Finance,Bloomberg; Refinitiv,,https://finance.yahoo.com/quote/TECK,,America/New_York,16:00,US_EOD,True,,,,,,Metales base / steelmaking coal,Bloomberg; Refinitiv,,
TRP,TRP,TRP,TC Energy Corporation,Energy,Midstream,NYSE,Canada,Equity,Yahoo Finance,Bloomberg; Refinitiv,,https://finance.yahoo.com/quote/TRP,,America/New_York,16:00,US_EOD,True,,,,,,Gasoductos Norteamérica,Bloomberg; Refinitiv,,
TTE,TTE,TTE,TotalEnergies SE,Energy,Integrated Oil & Gas,NYSE,EU,Equity,Yahoo Finance,Bloomberg; Refinitiv,,https://finance.yahoo.com/quote/TTE,,America/New_York,16:00,US_EOD,True,,,,,,Global LNG,Bloomberg; Refinitiv,,
USO,USO,USO,,Energy,,,Global,ETF,Yahoo Finance,,,,,,,,True,True,False,False,True,False,,,False,False
VALE,VALE,VALE,Vale S.A. ADR,Energy,Diversified Mining,NYSE,Brazil,Equity,Yahoo Finance,Bloomberg; Refinitiv,,https://finance.yahoo.com/quote/VALE,,America/New_York,16:00,US_EOD,True,,,,,,Hierro Brasil / níquel,Bloomberg; Refinitiv,,
WMB,WMB,WMB,"The Williams Companies, Inc.",Energy,Midstream,NYSE,USA,Equity,Yahoo Finance,Bloomberg; Refinitiv,,https://finance.yahoo.com/quote/WMB,,America/New_York,16:00,US_EOD,True,,,,,,Infraestructura gasista,Bloomberg; Refinitiv,,
WPM,WPM,WPM,Wheaton Precious Metals Corp.,Energy,Precious Metals Royalty,NYSE,Canada,Equity,Yahoo Finance,Bloomberg; Refinitiv,,https://finance.yahoo.com/quote/WPM,,America/New_York,16:00,US_EOD,True,,,,,,Streaming precious metals,Bloomberg; Refinitiv,,
XOM,XOM,XOM,Exxon Mobil Corporation,Energy,Integrated Oil & Gas,NYSE,USA,Equity,Yahoo Finance,Bloomberg; Refinitiv,,https://finance.yahoo.com/quote/XOM,,America/New_York,16:00,US_EOD,True,3.0,2.0,1.0,3.0,1.0,Major global,Bloomberg; Refinitiv,,
YPF,YPF,YPF,YPF S.A. ADR,Energy,Integrated Oil & Gas,NYSE,Argentina,Equity,Yahoo Finance,Bloomberg; Refinitiv,,https://finance.yahoo.com/quote/YPF,,America/New_York,16:00,US_EOD,True,,,,,,Vaca Muerta proxy,Bloomberg; Refinitiv,,
SPY,SPY,SPY,,Equity,,,US,ETF,Yahoo Finance,,,,,,,,True,False,False,False,False,True,,,False,False
PYPL,PYPL,PYPL,PayPal,Financials,Digital Payments,NASDAQ,USA,Equity,Yahoo Finance,Bloomberg; Refinitiv,,https://finance.yahoo.com/quote/PYPL,,America/New_York,16:00,US_EOD,True,0.0,0.0,1.0,1.0,2.0,Fintech,Bloomberg; Refinitiv,,
XYZ,XYZ,XYZ,Block,Financials,Fintech,NYSE,USA,Equity,Yahoo Finance,Bloomberg; Refinitiv,,https://finance.yahoo.com/quote/XYZ,,America/New_York,16:00,US_EOD,True,0.0,0.0,1.0,1.0,3.0,Crypto exposure,Bloomberg; Refinitiv,,
TSI,TSI,TSI,Freight Transportation Services Index,Freight Aggregate,Transportation Services,U.S. macro series,USA,Macro / Economic Index,Bloomberg,Bloomberg; Refinitiv; FRED,,,,America/New_York,16:00,US_EOD,True,,,,,,"Proxy de actividad agregada de transporte; Serie macro, no equity",Bloomberg; Refinitiv; FRED,,
GLD,GLD,GLD,,Gold,,,Global,ETF,Yahoo Finance,,,,,,,,True,False,False,False,True,False,,,False,False
AMGN,AMGN,AMGN,Amgen,Healthcare,Biotech,NASDAQ,USA,Equity,Yahoo Finance,Bloomberg; Refinitiv,,https://finance.yahoo.com/quote/AMGN,,America/New_York,16:00,US_EOD,True,0.0,0.0,1.0,1.0,1.0,Defensivo,Bloomberg; Refinitiv,,
GILD,GILD,GILD,Gilead,Healthcare,Biotech,NASDAQ,USA,Equity,Yahoo Finance,Bloomberg; Refinitiv,,https://finance.yahoo.com/quote/GILD,,America/New_York,16:00,US_EOD,True,0.0,0.0,1.0,1.0,1.0,Defensivo,Bloomberg; Refinitiv,,
ISRG,ISRG,ISRG,Intuitive Surgical,Healthcare,Medtech,NASDAQ,USA,Equity,Yahoo Finance,Bloomberg; Refinitiv,,https://finance.yahoo.com/quote/ISRG,,America/New_York,16:00,US_EOD,True,0.0,0.0,1.0,1.0,1.0,Defensivo,Bloomberg; Refinitiv,,
REGN,REGN,REGN,Regeneron,Healthcare,Biotech,NASDAQ,USA,Equity,Yahoo Finance,Bloomberg; Refinitiv,,https://finance.yahoo.com/quote/REGN,,America/New_York,16:00,US_EOD,True,0.0,0.0,1.0,1.0,1.0,Defensivo,Bloomberg; Refinitiv,,
VRTX,VRTX,VRTX,Vertex Pharma,Healthcare,Biotech,NASDAQ,USA,Equity,Yahoo Finance,Bloomberg; Refinitiv,,https://finance.yahoo.com/quote/VRTX,,America/New_York,16:00,US_EOD,True,0.0,0.0,1.0,1.0,1.0,Defensivo,Bloomberg; Refinitiv,,
ADP,ADP,ADP,ADP,Industrials,HR Services,NASDAQ,USA,Equity,Yahoo Finance,Bloomberg; Refinitiv,,https://finance.yahoo.com/quote/ADP,,America/New_York,16:00,US_EOD,True,0.0,0.0,1.0,1.0,1.0,Defensivo,Bloomberg; Refinitiv,,
CSX,CSX,CSX,CSX,Industrials,Rail Transport,NASDAQ,USA,Equity,Yahoo Finance,Bloomberg; Refinitiv,,https://finance.yahoo.com/quote/CSX,,America/New_York,16:00,US_EOD,True,2.0,2.0,0.0,1.0,1.0,Logística USA,Bloomberg; Refinitiv,,
AJG,AJG,AJG,Arthur J. Gallagher & Co.,Insurance Broker,Commercial Insurance / Benefits / P&C brokerage,NYSE,USA / Global,Equity,Yahoo Finance,Bloomberg; Refinitiv,,https://finance.yahoo.com/quote/AJG,,America/New_York,16:00,US_EOD,True,,,,,,Exposición indirecta a líneas marine y transport; Broker diversificado,Bloomberg; Refinitiv,,
AON,AON,AON,Aon plc,Insurance Broker,Commercial Insurance / Reinsurance Brokerage,NYSE,Global,Equity,Yahoo Finance,Bloomberg; Refinitiv,,https://finance.yahoo.com/quote/AON,,America/New_York,16:00,US_EOD,True,,,,,,Exposición a coberturas corporativas; Relevante para pricing de riesgo,Bloomberg; Refinitiv,,
MMC,MMC,MMC,"Marsh & McLennan Companies, Inc.",Insurance Broker,Commercial Insurance / Reinsurance Brokerage,NYSE,USA,Equity,Yahoo Finance,Bloomberg; Refinitiv,,https://finance.yahoo.com/quote/MMC,,America/New_York,16:00,US_EOD,True,,,,,,Exposición indirecta a marine / logistics risk; “MRSH” no es el ticker; el correcto es MMC,Bloomberg; Refinitiv,,
TRV,TRV,TRV,"The Travelers Companies, Inc.",Insurer,P&C Insurance,NYSE,USA,Equity,Yahoo Finance,Bloomberg; Refinitiv,,https://finance.yahoo.com/quote/TRV,,America/New_York,16:00,US_EOD,True,,,,,,"Exposición indirecta a transporte / property-casualty; No broker, sino aseguradora",Bloomberg; Refinitiv,,
CHRW,CHRW,CHRW,"C.H. Robinson Worldwide, Inc.",Logistics,3PL / Brokerage,NASDAQ,USA,Equity,Yahoo Finance,Bloomberg; Refinitiv,,https://finance.yahoo.com/quote/CHRW,,America/New_York,16:00,US_EOD,True,,,,,,Intermediación logística; Referencia de brokerage freight USA,Bloomberg; Refinitiv,,
EXPD,EXPD,EXPD,"Expeditors International of Washington, Inc.",Logistics,Freight Forwarding,NYSE,USA,Equity,Yahoo Finance,Bloomberg; Refinitiv,,https://finance.yahoo.com/quote/EXPD,,America/New_York,16:00,US_EOD,True,,,,,,Proxy asset-light de forwarding; Alta sensibilidad a volúmenes y yields,Bloomberg; Refinitiv,,
FDX,FDX,FDX,FedEx Corporation,Logistics,Parcel / Integrated,NYSE,USA,Equity,Yahoo Finance,Bloomberg; Refinitiv,,https://finance.yahoo.com/quote/FDX,,America/New_York,16:00,US_EOD,True,,,,,,Player global de transporte exprés; Sensible a demanda industrial y e-commerce,Bloomberg; Refinitiv,,
GXO,GXO,GXO,"GXO Logistics, Inc.",Logistics,Contract Logistics,NYSE,USA,Equity,Yahoo Finance,Bloomberg; Refinitiv,,https://finance.yahoo.com/quote/GXO,,America/New_York,16:00,US_EOD,True,,,,,,"Exposición a fulfillment y warehousing; Menor exposición directa a océano, sí a cadena logística",Bloomberg; Refinitiv,,
UPS,UPS,UPS,"United Parcel Service, Inc.",Logistics,Parcel / Integrated,NYSE,USA,Equity,Yahoo Finance,Bloomberg; Refinitiv,,https://finance.yahoo.com/quote/UPS,,America/New_York,16:00,US_EOD,True,,,,,,Player global de paquetería y supply chain; Proxy de actividad logística y B2B shipments,Bloomberg; Refinitiv,,
XPO,XPO,XPO,"XPO, Inc.",Logistics,LTL / Brokerage / Logistics,NYSE,USA,Equity,Yahoo Finance,Bloomberg; Refinitiv,,https://finance.yahoo.com/quote/XPO,,America/New_York,16:00,US_EOD,True,,,,,,Player de transporte terrestre y logística; Señal de actividad industrial / domestic freight,Bloomberg; Refinitiv,,
CUSTOM,CUSTOM,CUSTOM,Logistics Circle / Transmission Basket,Logistics Circle,Logistics Ecosystem,User-defined,Global,Basket / Custom,Bloomberg,Bloomberg; Refinitiv,,,,UTC,23:30,GLOBAL_DAILY,True,,,,,,Cesta de players y cotizantes; Conviene construir basket temático,Bloomberg; Refinitiv,,
DAC,DAC,DAC,Danaos Corporation,Ocean Shipping,Containership Lessor,NYSE,Global / Greece-linked,Equity,Yahoo Finance,Bloomberg; Refinitiv,,https://finance.yahoo.com/quote/DAC,,America/New_York,16:00,US_EOD,True,,,,,,Owner / lessor con sensibilidad a charter rates; Exposición a time charters,Bloomberg; Refinitiv,,
MATX,MATX,MATX,"Matson, Inc.",Ocean Shipping,Jones Act / Ocean Transport,NYSE,USA,Equity,Yahoo Finance,Bloomberg; Refinitiv,,https://finance.yahoo.com/quote/MATX,,America/New_York,16:00,US_EOD,True,,,,,,Exposición marítima e intermodal; Más defensivo que liners globales,Bloomberg; Refinitiv,,
ZIM,ZIM,ZIM,ZIM Integrated Shipping Services Ltd.,Ocean Shipping,Container Shipping,NYSE,Israel / Global,Equity,Yahoo Finance,Bloomberg; Refinitiv,,https://finance.yahoo.com/quote/ZIM,,America/New_York,16:00,US_EOD,True,,,,,,Pure play de contenedores; Muy sensible a freight rates spot,Bloomberg; Refinitiv,,
CNI,CNI,CNI,Canadian National Railway Company,Rail,Class I Railroad,NYSE,Canada,Equity,Yahoo Finance,Bloomberg; Refinitiv,,https://finance.yahoo.com/quote/CNI,,America/New_York,16:00,US_EOD,True,,,,,,Red transfronteriza Canadá-USA; Fuerte componente intermodal y puertos,Bloomberg; Refinitiv,,
CP,CP,CP,Canadian Pacific Kansas City Limited,Rail,Class I Railroad,NYSE,Canada,Equity,Yahoo Finance,Bloomberg; Refinitiv,,https://finance.yahoo.com/quote/CP,,America/New_York,16:00,US_EOD,True,,,,,,Red Norteamérica integrada; Ticker histórico citado como CP,Bloomberg; Refinitiv,,
NSC,NSC,NSC,Norfolk Southern Corporation,Rail,Class I Railroad,NYSE,USA,Equity,Yahoo Finance,Bloomberg; Refinitiv,,https://finance.yahoo.com/quote/NSC,,America/New_York,16:00,US_EOD,True,,,,,,Benchmark rail USA este; Intermodal / mercancías industriales,Bloomberg; Refinitiv,,
UNP,UNP,UNP,Union Pacific Corporation,Rail,Class I Railroad,NYSE,USA,Equity,Yahoo Finance,Bloomberg; Refinitiv,,https://finance.yahoo.com/quote/UNP,,America/New_York,16:00,US_EOD,True,,,,,,Benchmark rail USA oeste; Alta exposición a intermodal e industrial,Bloomberg; Refinitiv,,
DGS2,DGS2,DGS2,2-Year Treasury Constant Maturity Rate,Rates,US Treasury Yield,,USA,Macro Series,FRED,,DGS2,,https://fred.stlouisfed.org/series/DGS2,America/New_York,16:00,US_EOD,True,,,,,,FRED macro series,FRED,,
DGS30,DGS30,DGS30,30-Year Treasury Constant Maturity Rate,Rates,US Treasury Yield,,USA,Macro Series,FRED,,DGS30,,https://fred.stlouisfed.org/series/DGS30,America/New_York,16:00,US_EOD,True,,,,,,FRED macro series,FRED,,
INSURANCE_COST_PROXY,INSURANCE COST PROXY,INSURANCE COST PROXY,Marine Insurance / Coverage Cost Proxy,Risk / Insurance,Coverage Cost,Provider-dependent,Global,Composite / Custom,Bloomberg,Bloomberg; Refinitiv,,,,UTC,23:30,GLOBAL_DAILY,True,,,,,,"Señal de prima / hardening market; Suele modelarse con proxies, no con un ticker único",Bloomberg; Refinitiv,,
WORLD_RISK___CUSTOM,WORLD RISK / CUSTOM,WORLD RISK / CUSTOM,World Risk Proxy,Risk / Insurance,World Risk,Provider-dependent,Global,Composite / Custom,Bloomberg,Bloomberg; Refinitiv,,,,UTC,23:30,GLOBAL_DAILY,True,,,,,,Señal de riesgo sistémico; Requiere definición exacta del índice fuente,Bloomberg; Refinitiv,,
PPES___CUSTOM_BASKET,PPES / CUSTOM BASKET,PPES / CUSTOM BASKET,Transport Sector Basket / Proxy,Sector Index,Transport Sector,User-defined / provider-dependent,Global,Basket / Custom,Bloomberg,Bloomberg; Refinitiv,,,,UTC,23:30,GLOBAL_DAILY,True,,,,,,Cesta sectorial temática; “PPES” requiere definición exacta del vendor,Bloomberg; Refinitiv,,
BCTI,BCTI,BCTI,Baltic Clean Tanker Index,Shipping Benchmark,Clean Tanker Freight,Baltic Exchange,Global,Index,Bloomberg,Bloomberg; Refinitiv,,,,UTC,23:30,GLOBAL_DAILY,True,,,,,,Benchmark de tanker limpio; Proxy de rutas de productos refinados,Bloomberg; Refinitiv,,
BDI,BDI,BDI,Baltic Dry Index,Shipping Benchmark,Dry Bulk Freight,Baltic Exchange,Global,Index,Bloomberg,Bloomberg; Refinitiv,,,,UTC,23:30,GLOBAL_DAILY,True,,,,,,"Benchmark principal de fletes secos; Índice spot de dry bulk, no equity",Bloomberg; Refinitiv,,
BDTI,BDTI,BDTI,Baltic Dirty Tanker Index,Shipping Benchmark,Dirty Tanker Freight,Baltic Exchange,Global,Index,Bloomberg,Bloomberg; Refinitiv,,,,UTC,23:30,GLOBAL_DAILY,True,,,,,,Benchmark de tanker sucio; Proxy de rutas de crudo,Bloomberg; Refinitiv,,
TICKER,TICKER,TICKER,Company,Subsector,Exchange,Region,Asset_Type,Data_Providers,Yahoo Finance,Notas,,https://finance.yahoo.com/quote/TICKER,,America/New_York,16:00,US_EOD,True,,,,,,,,,
AAPL,AAPL,AAPL,Apple Inc.,Technology,Consumer Electronics,NASDAQ,USA,Equity,Yahoo Finance,Bloomberg; Refinitiv; Yahoo,,https://finance.yahoo.com/quote/AAPL,,America/New_York,16:00,US_EOD,True,1.0,2.0,3.0,2.0,1.0,Alta dependencia supply chain China,Bloomberg; Refinitiv; Yahoo,,
ADBE,ADBE,ADBE,Adobe Inc.,Technology,Software,NASDAQ,USA,Equity,Yahoo Finance,Bloomberg; Refinitiv,,https://finance.yahoo.com/quote/ADBE,,America/New_York,16:00,US_EOD,True,0.0,0.0,1.0,1.0,1.0,SaaS puro,Bloomberg; Refinitiv,,
AMAT,AMAT,AMAT,Applied Materials,Technology,Semiconductor Equipment,NASDAQ,USA,Equity,Yahoo Finance,Bloomberg; Refinitiv,,https://finance.yahoo.com/quote/AMAT,,America/New_York,16:00,US_EOD,True,1.0,1.0,3.0,2.0,1.0,Capex chips,Bloomberg; Refinitiv,,
AMD,AMD,AMD,AMD,Technology,Semiconductors,NASDAQ,USA,Equity,Yahoo Finance,Bloomberg; Refinitiv,,https://finance.yahoo.com/quote/AMD,,America/New_York,16:00,US_EOD,True,1.0,2.0,3.0,2.0,1.0,Fabless model,Bloomberg; Refinitiv,,
ANET,ANET,ANET,Arista Networks,Technology,Networking,NASDAQ,USA,Equity,Yahoo Finance,Bloomberg; Refinitiv,,https://finance.yahoo.com/quote/ANET,,America/New_York,16:00,US_EOD,True,1.0,1.0,2.0,1.0,1.0,Data centers,Bloomberg; Refinitiv,,
ARM,ARM,ARM,ARM Holdings,Technology,Chip Design,NASDAQ,UK/USA,Equity,Yahoo Finance,Bloomberg; Refinitiv,,https://finance.yahoo.com/quote/ARM,,America/New_York,16:00,US_EOD,True,0.0,1.0,3.0,2.0,1.0,Arquitectura global,Bloomberg; Refinitiv,,
ASML,ASML,ASML,ASML,Technology,Semiconductor Equipment,Euronext/NASDAQ,EU,Equity,Yahoo Finance,Bloomberg; Refinitiv,,https://finance.yahoo.com/quote/ASML,,America/New_York,16:00,US_EOD,True,1.0,1.0,3.0,2.0,1.0,Monopolio crítico,Bloomberg; Refinitiv,,
AVGO,AVGO,AVGO,Broadcom Inc.,Technology,Semiconductors,NASDAQ,USA,Equity,Yahoo Finance,Bloomberg; Refinitiv,,https://finance.yahoo.com/quote/AVGO,,America/New_York,16:00,US_EOD,True,1.0,1.0,2.0,2.0,1.0,Infraestructura crítica,Bloomberg; Refinitiv,,
CDNS,CDNS,CDNS,Cadence,Technology,EDA Software,NASDAQ,USA,Equity,Yahoo Finance,Bloomberg; Refinitiv,,https://finance.yahoo.com/quote/CDNS,,America/New_York,16:00,US_EOD,True,0.0,0.0,2.0,1.0,1.0,Duopolio,Bloomberg; Refinitiv,,
CRWD,CRWD,CRWD,CrowdStrike,Technology,Cybersecurity,NASDAQ,USA,Equity,Yahoo Finance,Bloomberg; Refinitiv,,https://finance.yahoo.com/quote/CRWD,,America/New_York,16:00,US_EOD,True,0.0,0.0,1.0,3.0,1.0,Riesgo geopolítico,Bloomberg; Refinitiv,,
CSCO,CSCO,CSCO,Cisco Systems,Technology,Networking,NASDAQ,USA,Equity,Yahoo Finance,Bloomberg; Refinitiv,,https://finance.yahoo.com/quote/CSCO,,America/New_York,16:00,US_EOD,True,1.0,1.0,2.0,2.0,1.0,Infraestructura crítica,Bloomberg; Refinitiv,,
DDOG,DDOG,DDOG,Datadog,Technology,Observability,NASDAQ,USA,Equity,Yahoo Finance,Bloomberg; Refinitiv,,https://finance.yahoo.com/quote/DDOG,,America/New_York,16:00,US_EOD,True,0.0,0.0,1.0,1.0,1.0,Infra cloud,Bloomberg; Refinitiv,,
FTNT,FTNT,FTNT,Fortinet,Technology,Cybersecurity,NASDAQ,USA,Equity,Yahoo Finance,Bloomberg; Refinitiv,,https://finance.yahoo.com/quote/FTNT,,America/New_York,16:00,US_EOD,True,0.0,0.0,1.0,3.0,1.0,Similar PANW,Bloomberg; Refinitiv,,
GOOG,GOOG,GOOG,Alphabet Inc. C,Technology,Ads & Cloud,NASDAQ,USA,Equity,Yahoo Finance,Bloomberg; Refinitiv,,https://finance.yahoo.com/quote/GOOG,,America/New_York,16:00,US_EOD,True,0.0,0.0,1.0,1.0,1.0,Sin voto,Bloomberg; Refinitiv,,
GOOGL,GOOGL,GOOGL,Alphabet Inc. A,Technology,Ads & Cloud,NASDAQ,USA,Equity,Yahoo Finance,Bloomberg; Refinitiv,,https://finance.yahoo.com/quote/GOOGL,,America/New_York,16:00,US_EOD,True,0.0,0.0,1.0,1.0,1.0,Dual class shares,Bloomberg; Refinitiv,,
INTC,INTC,INTC,Intel,Technology,Semiconductors,NASDAQ,USA,Equity,Yahoo Finance,Bloomberg; Refinitiv,,https://finance.yahoo.com/quote/INTC,,America/New_York,16:00,US_EOD,True,1.0,1.0,2.0,2.0,1.0,Fabricación local,Bloomberg; Refinitiv,,
INTU,INTU,INTU,Intuit,Technology,Financial Software,NASDAQ,USA,Equity,Yahoo Finance,Bloomberg; Refinitiv,,https://finance.yahoo.com/quote/INTU,,America/New_York,16:00,US_EOD,True,0.0,0.0,1.0,1.0,1.0,Defensivo software,Bloomberg; Refinitiv,,
KLAC,KLAC,KLAC,KLA,Technology,Semiconductor Equipment,NASDAQ,USA,Equity,Yahoo Finance,Bloomberg; Refinitiv,,https://finance.yahoo.com/quote/KLAC,,America/New_York,16:00,US_EOD,True,1.0,1.0,3.0,2.0,1.0,Similar AMAT,Bloomberg; Refinitiv,,
LRCX,LRCX,LRCX,Lam Research,Technology,Semiconductor Equipment,NASDAQ,USA,Equity,Yahoo Finance,Bloomberg; Refinitiv,,https://finance.yahoo.com/quote/LRCX,,America/New_York,16:00,US_EOD,True,1.0,1.0,3.0,2.0,1.0,Alta exposición Asia,Bloomberg; Refinitiv,,
MDB,MDB,MDB,MongoDB,Technology,Database,NASDAQ,USA,Equity,Yahoo Finance,Bloomberg; Refinitiv,,https://finance.yahoo.com/quote/MDB,,America/New_York,16:00,US_EOD,True,0.0,0.0,1.0,1.0,1.0,Data infra,Bloomberg; Refinitiv,,
META,META,META,Meta Platforms,Technology,Social Media,NASDAQ,USA,Equity,Yahoo Finance,Bloomberg; Refinitiv,,https://finance.yahoo.com/quote/META,,America/New_York,16:00,US_EOD,True,0.0,0.0,1.0,1.0,1.0,Baja exposición física,Bloomberg; Refinitiv,,
MRVL,MRVL,MRVL,Marvell,Technology,Semiconductors,NASDAQ,USA,Equity,Yahoo Finance,Bloomberg; Refinitiv,,https://finance.yahoo.com/quote/MRVL,,America/New_York,16:00,US_EOD,True,1.0,1.0,3.0,2.0,1.0,Data centers,Bloomberg; Refinitiv,,
MSFT,MSFT,MSFT,Microsoft Corp.,Technology,Software & Cloud,NASDAQ,USA,Equity,Yahoo Finance,Bloomberg; Refinitiv,,https://finance.yahoo.com/quote/MSFT,,America/New_York,16:00,US_EOD,True,0.0,0.0,1.0,1.0,1.0,Alta resiliencia global,Bloomberg; Refinitiv,,
MU,MU,MU,Micron,Technology,Memory,NASDAQ,USA,Equity,Yahoo Finance,Bloomberg; Refinitiv,,https://finance.yahoo.com/quote/MU,,America/New_York,16:00,US_EOD,True,1.0,2.0,3.0,2.0,1.0,Alta ciclicidad,Bloomberg; Refinitiv,,
NET,NET,NET,Cloudflare,Technology,Web Infrastructure,NYSE,USA,Equity,Yahoo Finance,Bloomberg; Refinitiv,,https://finance.yahoo.com/quote/NET,,America/New_York,16:00,US_EOD,True,0.0,1.0,2.0,2.0,1.0,Edge network,Bloomberg; Refinitiv,,
NOW,NOW,NOW,ServiceNow,Technology,SaaS,NYSE,USA,Equity,Yahoo Finance,Bloomberg; Refinitiv,,https://finance.yahoo.com/quote/NOW,,America/New_York,16:00,US_EOD,True,0.0,0.0,1.0,1.0,1.0,Enterprise software,Bloomberg; Refinitiv,,
NVDA,NVDA,NVDA,NVIDIA Corp.,Technology,Semiconductors (AI),NASDAQ,USA,Equity,Yahoo Finance,Bloomberg; Refinitiv,,https://finance.yahoo.com/quote/NVDA,,America/New_York,16:00,US_EOD,True,1.0,2.0,3.0,2.0,1.0,Dependencia TSMC Asia,Bloomberg; Refinitiv,,
NXPI,NXPI,NXPI,NXP Semiconductors,Technology,Semiconductors,NASDAQ,USA/EU,Equity,Yahoo Finance,Bloomberg; Refinitiv,,https://finance.yahoo.com/quote/NXPI,,America/New_York,16:00,US_EOD,True,1.0,1.0,3.0,2.0,1.0,Auto + industrial,Bloomberg; Refinitiv,,
PANW,PANW,PANW,Palo Alto,Technology,Cybersecurity,NASDAQ,USA,Equity,Yahoo Finance,Bloomberg; Refinitiv,,https://finance.yahoo.com/quote/PANW,,America/New_York,16:00,US_EOD,True,0.0,0.0,1.0,3.0,1.0,Beneficia conflictos,Bloomberg; Refinitiv,,
QCOM,QCOM,QCOM,Qualcomm,Technology,Semiconductors,NASDAQ,USA,Equity,Yahoo Finance,Bloomberg; Refinitiv,,https://finance.yahoo.com/quote/QCOM,,America/New_York,16:00,US_EOD,True,1.0,1.0,3.0,2.0,1.0,Dependencia Asia,Bloomberg; Refinitiv,,
SHOP,SHOP,SHOP,Shopify,Technology,E-commerce Platform,NASDAQ,CAN,Equity,Yahoo Finance,Bloomberg; Refinitiv,,https://finance.yahoo.com/quote/SHOP,,America/New_York,16:00,US_EOD,True,1.0,2.0,1.0,1.0,2.0,SMB exposure,Bloomberg; Refinitiv,,
SMCI,SMCI,SMCI,Super Micro,Technology,AI Servers,NASDAQ,USA,Equity,Yahoo Finance,Bloomberg; Refinitiv,,https://finance.yahoo.com/quote/SMCI,,America/New_York,16:00,US_EOD,True,1.0,1.0,2.0,2.0,2.0,Alta beta IA,Bloomberg; Refinitiv,,
SNOW,SNOW,SNOW,Snowflake,Technology,Data Cloud,NYSE,USA,Equity,Yahoo Finance,Bloomberg; Refinitiv,,https://finance.yahoo.com/quote/SNOW,,America/New_York,16:00,US_EOD,True,0.0,0.0,1.0,1.0,2.0,Data infra,Bloomberg; Refinitiv,,
SNPS,SNPS,SNPS,Synopsys,Technology,EDA Software,NASDAQ,USA,Equity,Yahoo Finance,Bloomberg; Refinitiv,,https://finance.yahoo.com/quote/SNPS,,America/New_York,16:00,US_EOD,True,0.0,0.0,2.0,1.0,1.0,Duopolio,Bloomberg; Refinitiv,,
TXN,TXN,TXN,Texas Instruments,Technology,Analog Semiconductors,NASDAQ,USA,Equity,Yahoo Finance,Bloomberg; Refinitiv,,https://finance.yahoo.com/quote/TXN,,America/New_York,16:00,US_EOD,True,1.0,1.0,2.0,1.0,1.0,Menos cíclico,Bloomberg; Refinitiv,,
ZS,ZS,ZS,Zscaler,Technology,Cybersecurity,NASDAQ,USA,Equity,Yahoo Finance,Bloomberg; Refinitiv,,https://finance.yahoo.com/quote/ZS,,America/New_York,16:00,US_EOD,True,0.0,0.0,1.0,2.0,1.0,Zero trust,Bloomberg; Refinitiv,,
ENERGÍA,ENERGÍA,ENERGÍA,,,,,,,Yahoo Finance,,,https://finance.yahoo.com/quote/ENERGÍA,,America/New_York,16:00,US_EOD,True,,,,,,,,,
FREIGHTS_FLETES_LOGISTICA_SEGUROS_TRANSPORTES_CONTENEDORES,FREIGHTS FLETES LOGISTICA SEGUROS TRANSPORTES CONTENEDORES,FREIGHTS FLETES LOGISTICA SEGUROS TRANSPORTES CONTENEDORES,,,,,,,,,,,,UTC,23:30,GLOBAL_DAILY,True,,,,,,,,,
